date_time,open,high,low,close,volume
01-01-2023,9.98,10.08,9.69,9.99,465130.754
02-01-2023,9.99,12.03,9.81,11.29,1173259.843
03-01-2023,11.29,13.81,11.01,13.38,1522580.463
04-01-2023,13.38,14.19,12.83,13.44,1234482.125
05-01-2023,13.44,13.86,12.94,13.44,656899.525
06-01-2023,13.44,13.6,12.7,13.51,559016.792
07-01-2023,13.51,13.51,13.02,13.1,139118.529
08-01-2023,13.1,14.96,12.86,14.46,483204.639
09-01-2023,14.46,17.5,14.28,16.26,1691167.647
10-01-2023,16.26,16.72,15.56,16.19,671893.246
11-01-2023,16.19,16.61,15.28,16.37,473616.995
12-01-2023,16.37,17.01,15.51,16.6,899898.69
13-01-2023,16.6,18.61,16.31,18.29,837926.522
14-01-2023,18.29,24.77,18.2,24.24,3146742.657
15-01-2023,24.24,25.06,21.98,22.9,1222312.937
16-01-2023,22.9,25,22.27,23.6,1418035.781
17-01-2023,23.6,23.98,22.7,22.86,734066.509
18-01-2023,22.86,23.65,20.32,20.8,1255671.518
19-01-2023,20.8,21.87,20.42,21.43,601256.48
20-01-2023,21.43,25.82,20.94,25.51,935575.107
21-01-2023,25.51,26.55,24.18,24.55,1501231.809
22-01-2023,24.55,25.44,23.48,24.21,742809.255
23-01-2023,24.21,24.92,23.68,24.32,546165.512
24-01-2023,24.32,25.22,22.25,22.78,525545.462
25-01-2023,22.78,25.43,22.24,24.5,746182.158
26-01-2023,24.5,25.23,23.76,24.34,604658.804
27-01-2023,24.34,24.95,23.29,24.43,552041.035
28-01-2023,24.43,25.21,23.72,24.02,216194.853
29-01-2023,24.02,26.78,23.74,26.06,529079.525
30-01-2023,26.06,26.3,23.07,23.97,600055.877
31-01-2023,23.97,24.5,23.5,23.95,294225.448
01-02-2023,23.95,25.22,22.48,25,628309.274
02-02-2023,25,26.13,24.04,24.31,485814.27
03-02-2023,24.31,25.06,24.02,24.67,307134.075
04-02-2023,24.67,24.94,24.18,24.34,123421.615
05-02-2023,24.34,24.52,23.03,23.48,278478.14
06-02-2023,23.48,23.72,22.5,22.66,252713.428
07-02-2023,22.66,23.96,22.54,23.86,239744.802
08-02-2023,23.86,24.23,22.8,23.22,155012.546
09-02-2023,23.22,23.35,20,20.48,439323.75
10-02-2023,20.48,21.19,19.69,20.12,265866.787
11-02-2023,20.12,20.91,20.1,20.8,86368.962
12-02-2023,20.8,22.54,20.63,21.5,209236.635
13-02-2023,21.5,21.6,19.75,20.74,300820.78
14-02-2023,20.74,22.36,20.68,21.85,460244.859
15-02-2023,21.85,23.98,21.44,23.87,260501.421
16-02-2023,23.87,24.15,22.2,22.27,339974.638
17-02-2023,22.27,23.55,22.01,23.15,238340.11
18-02-2023,23.15,23.92,22.92,23.46,145962.753
19-02-2023,23.46,25.65,23.21,24.83,442395.837
20-02-2023,24.83,27.13,24.12,26.26,550355.182
21-02-2023,26.26,26.62,24.49,24.98,507370.013
22-02-2023,24.98,25.24,23.22,24.15,429899.96
23-02-2023,24.15,24.69,23.59,23.91,197216.476
24-02-2023,23.91,24.11,22.45,23.07,304352.048
25-02-2023,23.07,23.33,21.42,22.4,311380.034
26-02-2023,22.4,23.52,22.21,23.25,142719.368
27-02-2023,23.25,23.41,22.31,22.67,173242.564
28-02-2023,22.67,22.75,21.75,21.88,185869.475
01-03-2023,21.88,22.91,21.65,22.54,152102.249
02-03-2023,22.54,22.66,21.67,21.99,189076.448
03-03-2023,21.99,22.01,20.33,21.41,370732.736
04-03-2023,21.41,21.62,20.21,20.98,282874.948
05-03-2023,20.98,21.7,20.85,20.97,267068.002
06-03-2023,20.97,21.2,20.48,20.64,293012.847
07-03-2023,20.64,20.96,19.71,20.24,350631.643
08-03-2023,20.24,20.38,18.1,18.41,598611.27
09-03-2023,18.41,18.77,16.7,17.33,503793.381
10-03-2023,17.33,18.36,16.01,18.16,812586.301
11-03-2023,18.16,18.87,16.95,18.07,1127734.701
12-03-2023,18.07,20.52,17.7,20.18,767934.981
13-03-2023,20.18,21.4,18.88,20.4,902993.03
14-03-2023,20.4,22.11,19.76,20.86,558652.799
15-03-2023,20.86,21.45,18.71,19.24,863802.381
16-03-2023,19.24,19.91,18.88,19.68,593094.171
17-03-2023,19.68,21.68,19.43,21.6,640354.555
18-03-2023,21.6,22.95,21.06,21.2,916043.788
19-03-2023,21.2,22.44,21.2,21.86,470670.98
20-03-2023,21.86,23.91,21.35,22.12,1282589.147
21-03-2023,22.12,23.35,21.52,22.53,1020269.03
22-03-2023,22.53,23.08,20.95,21.41,1074505.34
23-03-2023,21.41,22.75,21.1,22.17,652284.262
24-03-2023,22.17,22.26,20.28,20.66,642456.359
25-03-2023,20.66,20.97,20.1,20.42,299281.428
26-03-2023,20.42,21.14,20.29,20.95,228787.47
27-03-2023,20.95,20.98,19.33,19.9,506449.445
28-03-2023,19.9,20.87,19.61,20.45,496539.912
29-03-2023,20.45,21.55,20.44,21.1,382797.592
30-03-2023,21.1,21.66,20.16,20.55,635610.415
31-03-2023,20.55,21.49,20.04,21.16,363255.08
01-04-2023,21.16,21.34,20.76,21.08,167929.611
02-04-2023,21.08,21.31,20.23,20.52,162489.145
03-04-2023,20.52,20.99,19.98,20.45,492896.064
04-04-2023,20.45,21.25,20.29,20.92,311374.608
05-04-2023,20.92,21.35,20.57,20.98,320992.784
06-04-2023,20.98,20.99,20.43,20.62,190072.732
07-04-2023,20.62,20.77,20.23,20.44,150591.029
08-04-2023,20.44,20.73,19.86,20.03,123435.428
09-04-2023,20.03,20.45,19.87,20.29,122524.549
10-04-2023,20.29,20.95,20.07,20.9,185974.495
11-04-2023,20.9,23.68,20.82,22.98,815079.128
12-04-2023,22.98,24.47,22.31,23.8,1006047.047
13-04-2023,23.8,25.27,23.64,24.42,597424.867
14-04-2023,24.42,25.49,23.74,24.72,650459.851
15-04-2023,24.72,24.79,23.81,24.05,277482.179
16-04-2023,24.05,25.51,23.82,25.35,337493.491
17-04-2023,25.35,26.01,24.3,24.57,581344.293
18-04-2023,24.57,25.44,23.99,24.83,335718.542
19-04-2023,24.83,25.01,21.83,22.67,859131.644
20-04-2023,22.67,23.17,21.6,22.19,692908.571
21-04-2023,22.19,22.41,20.96,21.26,515841.743
22-04-2023,21.26,21.99,21.05,21.8,239909.144
23-04-2023,21.8,22.25,20.94,21.47,299588.594
24-04-2023,21.47,22.01,21.01,21.38,401921.335
25-04-2023,21.38,21.96,20.73,21.93,456163.721
26-04-2023,21.93,22.97,20.33,21.28,1031986.784
27-04-2023,21.28,22.52,21.18,22.32,747127.817
28-04-2023,22.32,23.51,22.18,23.35,585476.039
29-04-2023,23.35,23.88,22.9,23.19,354852.008
30-04-2023,23.19,23.99,22.69,22.73,327595.328
01-05-2023,22.73,22.88,21.56,21.96,535592.164
02-05-2023,21.96,22.37,21.75,22.25,317501.354
03-05-2023,22.25,22.3,21.24,22.24,596264.31
04-05-2023,22.24,22.48,21.62,21.73,401137.352
05-05-2023,21.73,23.07,21.57,22.82,615166.07
06-05-2023,22.82,23.23,21.56,21.91,527778.884
07-05-2023,21.91,22.77,21.65,21.65,386567.499
08-05-2023,21.65,21.81,19.89,20.63,1049719.611
09-05-2023,20.63,21,20.42,20.66,475155.848
10-05-2023,20.66,21.35,19.82,20.93,1011175.25
11-05-2023,20.93,20.93,19.71,20.18,709044.083
12-05-2023,20.18,20.94,19.8,20.91,696954.815
13-05-2023,20.91,21.29,20.78,20.84,379453.149
14-05-2023,20.84,21.28,20.63,20.94,259962.13
15-05-2023,20.94,21.52,20.59,20.98,512662.857
16-05-2023,20.98,21.13,20.45,20.67,503861.222
17-05-2023,20.67,21.21,20.43,21.05,370541.469
18-05-2023,21.05,21.09,20.09,20.33,424187.509
19-05-2023,20.33,20.59,20.23,20.35,197042.176
20-05-2023,20.35,20.36,20.09,20.27,143492.498
21-05-2023,20.27,20.39,19.35,19.62,289560.02
22-05-2023,19.62,20.03,19.28,19.52,453071.677
23-05-2023,19.52,20.17,19.42,20.03,560665.664
24-05-2023,20.03,20.07,18.69,19.21,709232.66
25-05-2023,19.21,19.59,18.78,19.25,450074.641
26-05-2023,19.25,19.56,19.1,19.35,263628.093
27-05-2023,19.35,20.52,19.32,20.43,236206.475
28-05-2023,20.43,21.18,20.28,20.81,320905.24
29-05-2023,20.81,20.98,20.26,20.59,287381.435
30-05-2023,20.59,21.4,20.47,21.25,552854.306
31-05-2023,21.25,21.33,20.36,20.82,354352.612
01-06-2023,20.82,20.98,20.41,20.5,332286.796
02-06-2023,20.5,21.37,20.3,21.26,363264.21
03-06-2023,21.26,21.35,20.96,21.18,235570.942
04-06-2023,21.18,22.29,21.03,21.82,461600.852
05-06-2023,21.82,22.05,19.22,20.01,951622.222
06-06-2023,20.01,20.69,19.22,20.38,745396.941
07-06-2023,20.38,20.53,18.5,18.63,778170.486
08-06-2023,18.63,19.12,18.24,18.89,492000.815
09-06-2023,18.89,19.37,17.11,17.39,972019.448
10-06-2023,17.39,17.41,12.75,15.62,2534463.803
11-06-2023,15.62,16.18,15.12,15.54,859446.649
12-06-2023,15.54,15.69,14.74,15.19,701611.419
13-06-2023,15.19,16.01,14.77,15.04,552723.042
14-06-2023,15.04,15.36,14.06,14.5,499072.842
15-06-2023,14.5,15.06,14.17,14.78,615951.309
16-06-2023,14.78,15.46,14.38,15.32,387505.251
17-06-2023,15.32,16.12,15.18,15.65,336934.969
18-06-2023,15.65,15.83,15.29,15.45,268634.051
19-06-2023,15.45,16.14,15.34,16.11,263637.588
20-06-2023,16.11,16.7,15.73,16.65,374313.857
21-06-2023,16.65,17.4,16.56,17.24,547722.245
22-06-2023,17.24,17.74,16.58,16.63,445183.646
23-06-2023,16.63,17.53,16.17,17.14,511747.137
24-06-2023,17.14,17.53,16.38,16.64,348034.845
25-06-2023,16.64,17.37,16.57,16.96,346530.213
26-06-2023,16.96,17.12,15.92,16.27,476051.36
27-06-2023,16.27,16.93,16.13,16.63,579354.901
28-06-2023,16.63,16.65,15.6,15.97,607410.983
29-06-2023,15.97,18.28,15.87,17.99,1004660.857
30-06-2023,17.99,20.01,16.96,18.86,1430923.824
01-07-2023,18.86,19,17.91,18.7,519832.051
02-07-2023,18.7,19.73,18.53,19.46,821127.364
03-07-2023,19.46,19.65,18.88,19.26,523885.758
04-07-2023,19.26,19.94,19.06,19.13,708454.878
05-07-2023,19.13,19.38,18.31,18.99,562001.174
06-07-2023,18.99,20.97,18.83,19.6,1347621.778
07-07-2023,19.6,21.84,19.28,21.5,1358344.068
08-07-2023,21.5,22.47,21.32,21.83,770503.886
09-07-2023,21.83,22.36,21,21.32,522414.982
10-07-2023,21.32,21.8,20.47,21.3,701640.21
11-07-2023,21.3,22.37,21.21,22.07,604740.584
12-07-2023,22.07,22.8,21.76,21.94,799936.372
13-07-2023,21.94,26.82,21.43,25.99,1625314.827
14-07-2023,25.99,32.44,25.23,26.67,2075412.401
15-07-2023,26.67,29.09,26.46,27.45,966608.649
16-07-2023,27.45,28.67,26.46,27.42,657704.676
17-07-2023,27.42,28.48,25.57,26.8,815820.808
18-07-2023,26.8,27.1,24.76,25.56,651015.19
19-07-2023,25.56,26.98,25.35,26.31,417757.324
20-07-2023,26.31,27.37,24.84,25.38,451933.77
21-07-2023,25.38,26,25.06,25.5,267311.304
22-07-2023,25.5,25.96,24.01,24.52,251082.59
23-07-2023,24.52,25.25,24.16,24.75,255515.825
24-07-2023,24.75,24.84,22.75,23.36,508237.706
25-07-2023,23.36,23.59,22.72,23.27,260026.508
26-07-2023,23.27,25.67,23.18,25.17,637614.695
27-07-2023,25.17,25.66,24.67,25.1,416902.157
28-07-2023,25.1,25.55,24.54,24.8,307467.519
29-07-2023,24.8,25.39,24.75,25.16,188705.652
30-07-2023,25.16,25.2,23.49,24.26,438546.418
31-07-2023,24.26,24.79,23.51,23.73,320083.178
01-08-2023,23.73,24.07,22.78,24.06,471087.882
02-08-2023,24.06,24.29,22.83,23.15,387861.455
03-08-2023,23.15,23.38,22.46,22.64,371483.719
04-08-2023,22.64,23.57,22.48,22.8,343111.072
05-08-2023,22.8,22.94,22.23,22.67,188385.342
06-08-2023,22.67,23.46,22.6,23.2,253459.11
07-08-2023,23.2,23.66,22.32,23.12,306302.841
08-08-2023,23.12,24.78,23.03,24.22,430097.937
09-08-2023,24.22,24.99,24.1,24.39,511149.26
10-08-2023,24.39,24.89,24.13,24.63,257523.779
11-08-2023,24.63,24.93,24.36,24.63,218808.208
12-08-2023,24.63,25.24,24.4,24.92,154329.644
13-08-2023,24.92,24.95,24.22,24.22,155128.377
14-08-2023,24.22,25.3,24.07,25.18,224375.641
15-08-2023,25.18,25.41,23.7,23.91,428393.752
16-08-2023,23.91,24.02,22.36,22.82,480288.719
17-08-2023,22.82,23.42,19.64,21.69,721867.695
18-08-2023,21.69,22.19,20.9,21.34,404956.085
19-08-2023,21.34,22.17,21.3,21.9,155170.451
20-08-2023,21.9,22.02,21.57,21.77,107682.97
21-08-2023,21.77,21.77,20.31,21.19,420731.586
22-08-2023,21.19,21.27,19.26,20.59,381747.159
23-08-2023,20.59,21.81,20.34,21.74,415027.323
24-08-2023,21.74,22.01,20.66,21.05,288210.345
25-08-2023,21.05,21.06,20.1,20.41,239856.983
26-08-2023,20.41,20.44,20.19,20.29,89532.302
27-08-2023,20.29,20.93,20.25,20.79,137893.14
28-08-2023,20.79,20.79,20.03,20.56,233243.859
29-08-2023,20.56,22.05,20.11,21.79,602904.654
30-08-2023,21.79,21.99,20.59,20.82,282928.827
31-08-2023,20.82,21.07,19.42,19.73,375722.097
01-09-2023,19.73,19.94,19.02,19.33,290839.074
02-09-2023,19.33,19.71,19.13,19.5,189427.85
03-09-2023,19.5,19.66,19.23,19.57,112222.467
04-09-2023,19.57,20.04,19.16,19.53,213024.597
05-09-2023,19.53,20.61,19.03,20.28,433853.528
06-09-2023,20.28,20.38,19.14,19.63,301613.641
07-09-2023,19.63,20,19.33,19.91,260591.567
08-09-2023,19.91,20.29,19.36,19.61,211433.904
09-09-2023,19.61,19.61,19.38,19.44,76599.456
10-09-2023,19.44,19.45,17.79,18.23,680324.895
11-09-2023,18.23,18.46,17.35,17.73,652097.981
12-09-2023,17.73,18.83,17.57,17.92,676972.393
13-09-2023,17.92,18.57,17.7,18.39,791838.911
14-09-2023,18.39,19.32,18.38,18.85,527022.031
15-09-2023,18.85,19.51,18.56,19.15,254455.031
16-09-2023,19.15,19.47,18.87,19.12,175737.322
17-09-2023,19.12,19.13,18.63,18.8,128779.221
18-09-2023,18.8,20.14,18.59,19.64,378881.018
19-09-2023,19.64,20.41,19.57,20.02,353512.485
20-09-2023,20.02,20.54,19.8,20.3,281474.123
21-09-2023,20.3,20.3,19.29,19.46,271519.182
22-09-2023,19.46,19.8,19.16,19.42,172812.362
23-09-2023,19.42,19.58,19.29,19.47,111964.09
24-09-2023,19.47,19.68,19.19,19.37,135380.951
25-09-2023,19.37,19.73,19.08,19.39,293529.694
26-09-2023,19.39,19.52,18.84,19.02,150623.385
27-09-2023,19.02,19.47,18.73,19.13,180048.257
28-09-2023,19.13,19.98,19.1,19.97,206501.836
29-09-2023,19.97,20.45,19.84,20.28,224902.839
30-09-2023,20.28,21.8,20.08,21.36,315493.975
01-10-2023,21.36,24.5,21.14,23.88,802669.36
02-10-2023,23.88,24.79,22.91,23.38,765847.525
03-10-2023,23.38,24.8,23.22,23.61,812490.177
04-10-2023,23.61,23.85,22.58,23.13,413139.421
05-10-2023,23.13,23.75,22.54,22.67,296813.055
06-10-2023,22.67,23.76,22.67,23.4,313997.63
07-10-2023,23.4,24.22,23.09,23.3,237786.789
08-10-2023,23.3,23.63,23.07,23.22,123523.921
09-10-2023,23.22,23.36,21.6,22.1,307604.159
10-10-2023,22.1,22.48,21.7,22.11,241734.684
11-10-2023,22.11,22.41,21.63,22.02,346375.615
12-10-2023,22.02,22.04,20.92,21.29,276859.223
13-10-2023,21.29,22.2,21.12,21.85,229881.946
14-10-2023,21.85,22.31,21.81,21.99,173366.508
15-10-2023,21.99,22.17,21.67,21.93,162763.12
16-10-2023,21.93,24.9,21.89,23.95,845746.856
17-10-2023,23.95,24.58,23.46,23.93,571623.381
18-10-2023,23.93,24.43,23.36,23.41,320356.061
19-10-2023,23.41,25.77,23.11,24.93,599464.155
20-10-2023,24.93,27.54,24.73,27.02,832843.231
21-10-2023,27.02,30.33,26.65,29.33,1192299.576
22-10-2023,29.33,30,28.1,29.05,616172.956
23-10-2023,29.05,32.98,28.75,31.89,1503837.726
24-10-2023,31.89,32.59,29.52,30.16,1286804.265
25-10-2023,30.16,33.93,29.99,32.44,1339117.295
26-10-2023,32.44,33.3,30.71,32.76,758853.835
27-10-2023,32.76,33.39,31.25,31.73,718787.488
28-10-2023,31.73,32.51,31.35,31.63,290745.751
29-10-2023,31.63,33.21,31.28,32.82,368612.461
30-10-2023,32.82,35.34,32.31,34.94,699860.033
31-10-2023,34.94,38.62,34.83,38.4,1146830.656
01-11-2023,38.4,46.81,37.84,41.13,2807701.911
02-11-2023,41.13,44.56,38.63,40.23,1936524.769
03-11-2023,40.23,40.25,38,39.45,1291419.689
04-11-2023,39.45,42.72,39.01,42.4,1396794.662
05-11-2023,42.4,42.85,40.07,41.16,690617.995
06-11-2023,41.16,42.2,39.66,42.13,677922.435
07-11-2023,42.13,44.79,40.08,42.92,1392349.779
08-11-2023,42.92,43.88,42.25,43.12,735507.441
09-11-2023,43.12,48.89,41,45.29,2322248.277
10-11-2023,45.29,57.53,45.08,56.72,2767673.581
11-11-2023,56.72,64,53.54,56.36,3734459.922
12-11-2023,56.36,61.92,54.51,56.29,1965514.752
13-11-2023,56.29,59.83,51.5,51.63,2223332.439
14-11-2023,51.63,58.02,51.13,56.82,2413839.184
15-11-2023,56.82,67.14,56.14,65.45,2855243.41
16-11-2023,65.45,68.2,56.38,57.8,2609355.233
17-11-2023,57.8,60.58,54.04,58.51,3006758.138
18-11-2023,58.51,59.39,54.68,58.56,1552117.816
19-11-2023,58.56,62.11,56.63,61.1,1402334.26
20-11-2023,61.1,61.32,55.92,56.57,1293129.624
21-11-2023,56.57,57.37,51.21,51.69,1628377.395
22-11-2023,51.69,58.93,51.43,57.56,1254702.7
23-11-2023,57.56,59.63,56.14,56.52,997094.596
24-11-2023,56.52,58.78,56.19,56.86,785490.612
25-11-2023,56.86,59.8,55.67,58.81,755208.838
26-11-2023,58.81,59.03,56.12,57.54,481919.305
27-11-2023,57.54,58.07,53.48,55.07,863945.222
28-11-2023,55.07,58.64,53.95,58.18,1013102.987
29-11-2023,58.18,61.78,57.75,59.32,1384511.534
30-11-2023,59.32,61.71,58.76,59.29,1167017.419
01-12-2023,59.29,61.9,58.61,59.75,1068703.165
02-12-2023,59.75,63.91,59.67,63.66,966568.001
03-12-2023,63.66,65.55,62.24,62.97,933226.336
04-12-2023,62.97,65.28,59.4,61.63,1509945.361
05-12-2023,61.63,62.64,59.1,61.02,1317879.355
06-12-2023,61.02,66.65,61.02,61.84,2660879.394
07-12-2023,61.84,69.43,61.63,67.76,2195113.127
08-12-2023,67.76,75.61,67.75,74.92,2235219.016
09-12-2023,74.92,77.81,71.58,72.3,2098654.512
10-12-2023,72.3,74.88,70.68,74.87,1087481.226
11-12-2023,74.87,74.98,63.4,70.26,2466057.103
12-12-2023,70.26,72.42,65.74,68.59,1506272.615
13-12-2023,68.59,73,63.66,70.62,1449764.577
14-12-2023,70.62,76.28,68.09,75.73,1586183.095
15-12-2023,75.73,79.53,72.12,72.49,1719521.39
16-12-2023,72.49,77.44,71.23,73.71,899981.006
17-12-2023,73.71,75.07,70.52,70.88,715329.324
18-12-2023,70.88,75.47,66.95,74.42,1199437.646
19-12-2023,74.42,76.37,71.8,73.01,1045071.855
20-12-2023,73.01,84.14,72.97,82.23,2215198.011
21-12-2023,82.23,95.53,81.06,93.84,2609486.9
22-12-2023,93.84,99.66,90.39,97.88,2516904.789
23-12-2023,97.88,110.29,92.79,107.88,1779516.621
24-12-2023,107.88,118.2,107.32,112.4,2350300.799
25-12-2023,112.4,126.63,107.45,120.9,2199926.388
26-12-2023,120.9,121.35,101.93,112.43,3178050.122
27-12-2023,112.43,115.41,104.66,106.88,1955764.027
28-12-2023,106.88,109.67,97.21,101.79,2068360.63
29-12-2023,101.79,110.1,99.38,106.15,1699766.175
30-12-2023,106.15,107.46,100.63,101.88,772781.56
31-12-2023,101.88,105.25,99.57,101.73,655024.406
01-01-2024,101.73,109.95,101.41,109.93,716962.862
02-01-2024,109.93,116.95,106.03,106.73,1212018.227
03-01-2024,106.73,109.91,81.81,98.55,2699619.578
04-01-2024,98.55,108.15,96.61,104.91,1282689.703
05-01-2024,104.91,105.47,95.25,99.93,1419690.81
06-01-2024,99.93,100.3,91.51,93.76,1011800.837
07-01-2024,93.76,96.76,87.7,89.41,987397.838
08-01-2024,89.41,99.91,85.11,97.9,1624668.977
09-01-2024,97.9,105.4,95.23,99.36,2225757.516
10-01-2024,99.36,105.57,92.14,102.01,1935001.32
11-01-2024,102.01,107.25,97.58,99.91,1804684.757
12-01-2024,99.91,100.5,86.26,92.11,1169586.132
13-01-2024,92.11,97.07,89.48,95.84,644994.769
14-01-2024,95.84,102.9,93.67,93.82,1059800.718
15-01-2024,93.82,97.01,93.02,94.39,628933.085
16-01-2024,94.39,98.72,94.16,97.59,736500.305
17-01-2024,97.59,102.89,96.63,102.11,1499400.795
18-01-2024,102.11,103.58,91.38,94.4,1144752.061
19-01-2024,94.4,95.47,87.01,93.61,1100168.649
20-01-2024,93.61,94.24,90.19,92.89,624237.475
21-01-2024,92.89,93.94,90.8,91.09,440091.249
22-01-2024,91.09,91.89,82.03,83.83,1551423.226
23-01-2024,83.83,85.95,78.89,84.36,1861661.566
24-01-2024,84.36,89.43,83.31,88.77,1143775.648
25-01-2024,88.77,89.63,85.05,86.92,906855.064
26-01-2024,86.92,93.73,85.95,92.29,792811.953
27-01-2024,92.29,94.57,90.7,94.26,436065.869
28-01-2024,94.26,99.45,93.28,95.98,858806.45
29-01-2024,95.98,102,95.08,101.68,911157.6
30-01-2024,101.68,106.53,100.91,101.43,1185681.754
31-01-2024,101.43,102.76,95.88,96.93,1596560.679
01-02-2024,96.93,98.12,93.08,97.82,1220128.867
02-02-2024,97.82,102.62,97.4,100.58,1063097.722
03-02-2024,100.58,101.27,96.6,97.95,484620.093
04-02-2024,97.95,98.58,95,95.48,586252.204
05-02-2024,95.48,98.7,94.14,95.65,855256.908
06-02-2024,95.65,97.91,93,96.87,802916.908
07-02-2024,96.87,101.59,94.61,101.14,737678.635
08-02-2024,101.14,104.95,100.5,102.77,1103630.602
09-02-2024,102.77,109.16,102.77,106.95,1475691.062
10-02-2024,106.95,110.89,106.89,109.01,820436.811
11-02-2024,109.01,110.67,107.11,107.47,699739.271
12-02-2024,107.47,112.21,103.41,111.64,1193874.471
13-02-2024,111.64,115.2,108,112.48,1250379.34
14-02-2024,112.48,118.72,110.61,117.01,1057311.218
15-02-2024,117.01,118.39,111.45,113.52,1146624.134
16-02-2024,113.52,114.23,107.82,110.32,1234673.565
17-02-2024,110.32,111.05,105.56,108.91,860924.293
18-02-2024,108.91,114.03,107.48,112.21,875556.931
19-02-2024,112.21,114.86,110.78,111.54,977334.946
20-02-2024,111.54,112.13,102.62,108.32,1621022.53
21-02-2024,108.32,108.41,100.22,105.05,1315142.149
22-02-2024,105.05,107.1,101.51,101.75,967038.751
23-02-2024,101.75,103.13,98.63,99.9,935505.015
24-02-2024,99.9,104.8,98.42,104.03,652851.607
25-02-2024,104.03,104.42,102,103.48,501983.516
26-02-2024,103.48,110.8,100.27,109.91,1364677.579
27-02-2024,109.91,112.38,105.25,108.36,1650008.791
28-02-2024,108.36,119.15,106.13,119.09,3323308.065
29-02-2024,119.09,134.68,117.11,125.64,3894261.553
01-03-2024,125.64,137.87,125.56,129.33,2654350.107
02-03-2024,129.33,131.66,126.89,130.03,1674623.562
03-03-2024,130.03,132.16,123.81,130.17,1551297.678
04-03-2024,130.17,134.96,127.26,133.31,2059150.747
05-03-2024,133.31,142.77,103.5,125.31,5311260.73
06-03-2024,125.31,134.97,120.03,130.82,2564822.89
07-03-2024,130.82,149.35,130.53,143.83,3088976.495
08-03-2024,143.83,152.65,141.95,144.76,2376716.313
09-03-2024,144.76,149.16,143.5,144.29,856316.588
10-03-2024,144.29,148.51,140.43,144.41,1072136.996
11-03-2024,144.41,150.25,135.95,148.87,1792913.831
12-03-2024,148.87,155.04,141.41,151.04,2332027.02
13-03-2024,151.04,166.75,148.74,163.88,1706115.28
14-03-2024,163.88,178.44,159.15,176.69,2517379.468
15-03-2024,176.69,189.03,164.38,184.01,4370863.752
16-03-2024,184.01,197.91,176.56,182.07,2883666.246
17-03-2024,182.07,204.79,178.55,201.81,2466026.279
18-03-2024,201.81,210.25,193.96,195.9,2774067.857
19-03-2024,195.9,198.67,166,169.88,3946098.079
20-03-2024,169.88,193.19,162.39,191.79,2636222.745
21-03-2024,191.79,195.64,175.9,179.45,1448145.598
22-03-2024,179.45,181.94,167.65,175.1,1264203.894
23-03-2024,175.1,179,170.37,172.66,801820.579
24-03-2024,172.66,186.77,171.32,183.88,632691.958
25-03-2024,183.88,194.5,180.99,188.99,844138.196
26-03-2024,188.99,196.62,186.2,190.43,772371.633
27-03-2024,190.43,192.74,180.04,186.31,886333.662
28-03-2024,186.31,191.07,180.58,189.68,708902.306
29-03-2024,189.68,193.19,183.33,192.1,689811.628
30-03-2024,192.1,200.14,190.74,194.2,629793.435
31-03-2024,194.2,203.22,193.71,202.46,505126.694
01-04-2024,202.46,204.51,186.81,192.2,944471.368
02-04-2024,192.2,192.27,175.93,181.53,1112515.427
03-04-2024,181.53,191.78,176.85,185.07,942357.257
04-04-2024,185.07,190.26,180.16,184.03,694763.986
05-04-2024,184.03,185.16,168.04,174.4,1033350.306
06-04-2024,174.4,179.95,173.48,178.7,434541.769
07-04-2024,178.7,182.67,176.86,179.58,449509.856
08-04-2024,179.58,184.69,175.27,180.7,612458.672
09-04-2024,180.7,180.91,169.06,172.4,734342.026
10-04-2024,172.4,175.48,162.35,173.34,1099338.344
11-04-2024,173.34,176.35,170,172.35,791143.744
12-04-2024,172.35,175.94,139.55,153.19,1910915.454
13-04-2024,153.19,154.97,113,138.35,4792179.032
14-04-2024,138.35,152.87,130.44,151.23,3351814.454
15-04-2024,151.23,156.06,133.62,138.53,2818242.543
16-04-2024,138.53,140.6,126.45,136.23,2422457.065
17-04-2024,136.23,142.72,126.86,131.84,2165868.381
18-04-2024,131.84,143.99,127.59,142.06,1810462.758
19-04-2024,142.06,147.51,128.41,142.47,2262314.587
20-04-2024,142.47,152.42,139.68,151.22,973246.851
21-04-2024,151.22,153.49,146.75,148.82,715140.224
22-04-2024,148.82,158.58,146.65,156.98,1100048.639
23-04-2024,156.98,160.04,153.02,154.76,803326.373
24-04-2024,154.76,159.78,145.53,147.78,1314253.128
25-04-2024,147.78,150.09,142.06,144.86,1267665.245
26-04-2024,144.86,146.2,138.71,139.25,814116.001
27-04-2024,139.25,143.04,132.55,141.33,868097.419
28-04-2024,141.33,144.76,137.05,137.99,507410.287
29-04-2024,137.99,138.95,133.37,137.79,889062.225
30-04-2024,137.79,139.79,121.24,126.75,1359805.031
01-05-2024,126.75,135.96,118,134.63,2233516.557
02-05-2024,134.63,140.97,128.28,137.57,1444495.765
03-05-2024,137.57,144.99,135.59,143.68,1145117.408
04-05-2024,143.68,149.19,142.23,146.05,656077.155
05-05-2024,146.05,148,143.18,145.74,444320.739
06-05-2024,145.74,156.93,145.42,152.87,1192115.606
07-05-2024,152.87,159.31,147.77,148.04,1086549.45
08-05-2024,148.04,149.99,140.02,142.18,1033834.789
09-05-2024,142.18,153.43,140.57,152.55,839332.649
10-05-2024,152.55,155.73,144.44,146.04,1206087.307
11-05-2024,146.04,147.69,143.07,145.41,472327.204
12-05-2024,145.41,147.77,142.5,143.43,362620.019
13-05-2024,143.43,150.82,137.86,147.51,1235777.011
14-05-2024,147.51,149.08,141.83,142.04,982029.298
15-05-2024,142.04,158.84,141.23,158.51,1073462.549
16-05-2024,158.51,164.8,156.61,159.37,1218536.798
17-05-2024,159.37,172.07,159.34,169.42,879744.367
18-05-2024,169.42,175.94,168.64,172.41,649370.335
19-05-2024,172.41,175.5,166.16,169.91,602230.741
20-05-2024,169.91,188.32,167.49,186.71,1217334.59
21-05-2024,186.71,188.93,174.34,178.16,1284538.88
22-05-2024,178.16,183.54,175.03,176.98,1106804.097
23-05-2024,176.98,181.19,165.01,176.14,1942031.203
24-05-2024,176.14,176.14,162.48,167.67,955737.5
25-05-2024,167.67,170.54,165.88,168.37,625837.69
26-05-2024,168.37,168.41,160.93,163.44,680802.019
27-05-2024,163.44,172.29,163.32,170.16,790064.548
28-05-2024,170.16,173.29,164.92,168.71,1118284.951
29-05-2024,168.71,173.93,167.15,168.32,915384.095
30-05-2024,168.32,172.62,163.5,166.88,927811.198
31-05-2024,166.88,171.02,163.82,165.66,770461.926
01-06-2024,165.66,167.98,165.66,166.14,289167.686
02-06-2024,166.14,167.13,161.33,163.15,447664.512
03-06-2024,163.15,167.27,161.79,164.92,837578.692
04-06-2024,164.92,171.87,164.31,171.76,681691.093
05-06-2024,171.76,175.61,171.13,173.55,839818.332
06-06-2024,173.55,174.36,167.56,170.15,651321.712
07-06-2024,170.15,172.85,151.74,162.51,1290101.062
08-06-2024,162.51,163.8,157.34,157.83,611465.997
09-06-2024,157.83,163.06,156.53,162.1,506371.246
10-06-2024,162.1,163.19,157.46,159.05,713978.98
11-06-2024,159.05,159.76,145.11,149.31,1459995.678
12-06-2024,149.31,161.8,145.43,155.21,1443600
13-06-2024,155.21,155.21,146.07,147.28,1137041.831
14-06-2024,147.28,149.02,139.49,143.04,1045013.175
15-06-2024,143.04,145.77,142.89,145.52,562728.065
16-06-2024,145.52,151.38,143.01,151.29,651837.197
17-06-2024,151.29,151.76,139.79,143.27,1142249.566
18-06-2024,143.27,143.8,125.95,137.42,1951425.351
19-06-2024,137.42,141.92,134.44,135.62,1077649.051
20-06-2024,135.62,141.31,131.86,133.57,982663.851
21-06-2024,133.57,135.4,128.73,134.63,1064499.87
22-06-2024,134.63,136.77,132.96,133.69,442809.732
23-06-2024,133.69,135.12,128.19,128.67,510010.917
24-06-2024,128.67,132.64,121.78,132.33,1701515.284
25-06-2024,132.33,139.93,131.19,136.58,907448.547
26-06-2024,136.58,140.43,134.83,136.8,759321.755
27-06-2024,136.8,151.25,135.17,149.68,1179390.966
28-06-2024,149.68,150.8,138.98,140.03,1040876.216
29-06-2024,140.03,143.22,139.65,140.27,450889.47
30-06-2024,140.27,147.72,137.11,146.61,670392.209
01-07-2024,146.61,149.37,145.83,146.68,786848.01
02-07-2024,146.68,155,146.13,154.03,885618.235
03-07-2024,154.03,154.5,139,140.82,1278154.377
04-07-2024,140.82,142.75,127.15,127.84,1820652.424
05-07-2024,127.84,136.44,120.66,134.29,2449750.49
06-07-2024,134.29,144.28,132.32,143.03,803539.171
07-07-2024,143.03,143.33,131.23,131.65,809821.889
08-07-2024,131.65,142.06,127.77,139.77,1667032.617
09-07-2024,139.77,144.38,136.42,141.43,1290583.765
10-07-2024,141.43,146.25,138.57,141.99,821772.14
11-07-2024,141.99,146.2,135.64,135.74,846396.147
12-07-2024,135.74,140.57,133.9,139.45,715986.528
13-07-2024,139.45,143.62,137.93,141.89,406360.37
14-07-2024,141.89,148.54,141.88,147.67,671407.636
15-07-2024,147.67,159.96,147.02,159.38,951243.965
16-07-2024,159.38,162.52,152.54,160.64,1181785.457
17-07-2024,160.64,163.79,154.71,155.53,898289.074
18-07-2024,155.53,161.62,155.17,159.21,900631.529
19-07-2024,159.21,172.5,156.16,169.13,1438431.934
20-07-2024,169.13,175.23,167.24,173.62,819548.69
21-07-2024,173.62,185.21,170.26,184.51,1315172.57
22-07-2024,184.51,185,176.76,178.92,1043328.982
23-07-2024,178.92,180.55,170.46,173.03,1199551.31
24-07-2024,173.03,182.52,170.99,178.04,1172337.173
25-07-2024,178.04,179.61,165.09,171.86,1914000.106
26-07-2024,171.86,183.92,171.69,183.1,1369278.974
27-07-2024,183.1,188.29,178.12,183.96,1596221.88
28-07-2024,183.96,186.67,181.13,184.9,750477.36
29-07-2024,184.9,193.85,181.6,182.6,1543404.056
30-07-2024,182.6,184.82,175.34,179.16,1035536.65
31-07-2024,179.16,184.56,171.56,171.68,1279080.835
01-08-2024,171.68,172.89,157.91,167.34,2084533.465
02-08-2024,167.34,169.41,149.89,152.76,1979049.967
03-08-2024,152.76,154.07,139.95,142.52,1586864.244
04-08-2024,142.52,146.07,131.25,138.33,2118442.676
05-08-2024,138.33,139.42,109.58,129.8,11711904.45
06-08-2024,129.8,149.65,129.37,144.4,3041860.746
07-08-2024,144.4,155,142.3,144.79,2568818.035
08-08-2024,144.79,163.65,141.39,163.16,2512552.215
09-08-2024,163.16,164,150.75,156.27,1546514.896
10-08-2024,156.27,158.75,152.56,154.04,743156.341
11-08-2024,154.04,157.98,141.12,141.56,1084957.549
12-08-2024,141.56,150.79,141.21,146.31,1810937.7
13-08-2024,146.31,149.85,142.85,146.65,1220568.846
14-08-2024,146.65,152.2,142.39,143.72,1178374.161
15-08-2024,143.72,147.64,137.73,142.59,1512140.811
16-08-2024,142.59,144.95,136.1,139.04,1221255.654
17-08-2024,139.04,142,137.53,141.93,488316.482
18-08-2024,141.93,147.39,140.56,142.41,763534.1
19-08-2024,142.41,146.21,140.32,144.25,884127.346
20-08-2024,144.25,148.88,140.97,142.28,892028.535
21-08-2024,142.28,144.4,138.75,142.79,925526.156
22-08-2024,142.79,144.86,140.64,143.26,582831.041
23-08-2024,143.26,154.09,142.7,153.29,1164979.175
24-08-2024,153.29,162.31,151.98,160.66,1128358.668
25-08-2024,160.66,161.96,155.26,158.92,810913.736
26-08-2024,158.92,162.04,155.56,157.08,1157678.73
27-08-2024,157.08,159.73,144.93,146.81,1411681.953
28-08-2024,146.81,148.9,140.51,143.95,1509088.34
29-08-2024,143.95,147.33,138.01,140.01,1027527.817
30-08-2024,140.01,141.12,132.02,138,1218728.651
31-08-2024,138,139.23,134.48,135.33,379282.684
01-09-2024,135.33,136.16,127.71,128.47,984864.327
02-09-2024,128.47,135.38,126.91,134.94,993030.474
03-09-2024,134.94,137.67,127.14,127.55,811716.988
04-09-2024,127.55,135,122.6,133.63,1186185.189
05-09-2024,133.63,135.68,127.94,129.41,816269.92
06-09-2024,129.41,134.32,120.27,125.02,1885354.947
07-09-2024,125.02,129.49,124.11,127.73,580886.072
08-09-2024,127.73,131.73,126.6,130.16,545931.084
09-09-2024,130.16,137.12,126.95,135.04,1137711.789
10-09-2024,135.04,138,132.53,135.64,747578.572
11-09-2024,135.64,135.91,128.17,132.41,996380.847
12-09-2024,132.41,136.8,132.37,136.05,727760.667
13-09-2024,136.05,139.85,131.66,138.99,691180.073
14-09-2024,138.99,139.77,135.6,137.13,316201.21
15-09-2024,137.13,137.97,130.37,131.39,460705.831
16-09-2024,131.39,132.41,128.92,131.47,598764.369
17-09-2024,131.47,135.56,130.17,131.53,666671.634
18-09-2024,131.53,134.43,127.12,134.35,958968.045
19-09-2024,134.35,144.06,134.29,142.89,1063278.368
20-09-2024,142.89,152.44,141.19,146.68,1131595.238
21-09-2024,146.68,149.86,144.57,149.43,430761.821
22-09-2024,149.43,149.92,141.11,144.64,589134.485
23-09-2024,144.64,149.08,142.11,144.78,857905.567
24-09-2024,144.78,154,143.08,152.72,1129814.433
25-09-2024,152.72,153.95,147.3,147.96,772577.403
26-09-2024,147.96,158.17,146.59,155.54,1182469.507
27-09-2024,155.54,161.59,153.83,157.64,1037282.572
28-09-2024,157.64,159.44,154.98,156.75,388458.073
29-09-2024,156.75,161.79,155.1,158.46,657944.194
30-09-2024,158.46,159.79,151.73,152.53,906612.735
01-10-2024,152.53,157.36,142.24,145.13,1688636.975
02-10-2024,145.13,148.96,138.57,140.18,1109143.62
03-10-2024,140.18,142.99,133.06,136.82,1185071.127
04-10-2024,136.82,144.58,135.92,143.23,864512.773
05-10-2024,143.23,144.93,141.02,142.61,408323.439
06-10-2024,142.61,146.77,141.98,146.47,373142.783
07-10-2024,146.47,152.35,143.47,143.97,964995.81
08-10-2024,143.97,145.62,141.14,143.48,569711.486
09-10-2024,143.48,145.34,138.66,139.33,498388.542
10-10-2024,139.33,140.92,135.5,139.05,689647.143
11-10-2024,139.05,146.56,138.71,145.55,583078.892
12-10-2024,145.55,147.31,144.7,146.39,290939.312
13-10-2024,146.39,148.86,144.47,147.73,408607.012
14-10-2024,147.73,158.12,146.78,157.58,884951.569
15-10-2024,157.58,159.68,150.3,154.75,1216179.109
16-10-2024,154.75,158.42,153,154.29,792038.367
17-10-2024,154.29,155.75,147.68,150.48,621296.435
18-10-2024,150.48,156.67,149.64,154.96,484939.531
19-10-2024,154.96,159.84,153.63,159.78,364437.602
20-10-2024,159.78,167.97,157.61,167.4,790270.791
21-10-2024,167.4,171.72,161.4,166.17,1070399.64
22-10-2024,166.17,170.95,162.97,167.6,1027691.221
23-10-2024,167.6,174.28,164.15,170.85,1204349.623
24-10-2024,170.85,179.28,170.51,177.18,971241.036
25-10-2024,177.18,177.58,158.93,164.9,1795204.042
26-10-2024,164.9,173.28,162.48,170.86,824547.75
27-10-2024,170.86,178.28,170.27,176.62,553050.523
28-10-2024,176.62,179.8,172.42,178.28,946367.862
29-10-2024,178.28,183.43,176.38,179.44,1066039.198
30-10-2024,179.44,181.34,173.06,174.88,749097.802
31-10-2024,174.88,176.56,167.57,168.67,711165.073
01-11-2024,168.67,174.06,163.49,166.1,802492.013
02-11-2024,166.1,168.62,162.1,166.15,430017.86
03-11-2024,166.15,166.61,157.85,162.52,875326.454
04-11-2024,162.52,165.02,155.1,157.94,776310.8
05-11-2024,157.94,169.31,156.88,166.63,823879.857
06-11-2024,166.63,190.08,166.39,186.53,2082131.883
07-11-2024,186.53,197.97,185.83,196.33,951475.082
08-11-2024,196.33,205.12,195.64,199.87,985892.097
09-11-2024,199.87,203.43,195.01,199.88,785326.635
10-11-2024,199.88,215.4,198.59,210.07,1812808.233
11-11-2024,210.07,224.1,204.08,222.11,1876256.232
12-11-2024,222.11,225.25,204.72,211.63,1870945.568
13-11-2024,211.63,220.49,200.75,215.14,2414014.732
14-11-2024,215.14,222.91,206.71,209.57,1562437.65
15-11-2024,209.57,220.58,204.42,218.46,1116313.501
16-11-2024,218.46,221.86,213.05,215.73,739783.327
17-11-2024,215.73,242.1,212.08,237.48,1677408.479
18-11-2024,237.48,248.56,234.01,239.78,1634350.707
19-11-2024,239.78,247.53,233.42,237.62,1344692.301
20-11-2024,237.62,242.5,230.42,235.45,1184748.986
21-11-2024,235.45,259.86,229.6,256.42,1943667.302
22-11-2024,256.42,264.5,251.37,256.95,1320902.807
23-11-2024,256.95,263.99,252.7,254.9,1036483.494
24-11-2024,254.9,259.76,240.66,252.71,892921.91
25-11-2024,252.71,256.66,231.13,234.15,1185306.932
26-11-2024,234.15,239.68,221.77,230.71,1265261.882
27-11-2024,230.71,243.31,227.57,241.97,892436.515
28-11-2024,241.97,245.26,232.82,237.59,684710.029
29-11-2024,237.59,246.8,236.47,243.3,746239.506
30-11-2024,243.3,245.39,237.47,237.6,616833.178
01-12-2024,237.6,239.88,234.06,236.77,596263.371
02-12-2024,236.77,238.21,220.08,225.72,1646859.165
03-12-2024,225.72,239.64,214.98,233.94,1856350.764
04-12-2024,233.94,240.89,224.65,229.14,1476959.801
05-12-2024,229.14,244.8,222.92,235.92,2374506.468
06-12-2024,235.92,247.01,230.86,236.85,1743011.803
07-12-2024,236.85,243.62,234.07,238.11,805521.059
08-12-2024,238.11,241.51,233.23,237.03,606924.389
09-12-2024,237.03,237.31,201.33,216.59,2749072.376
10-12-2024,216.59,221.01,203.18,213.6,2669428.999
11-12-2024,213.6,230.66,211.49,227.3,1570150.139
12-12-2024,227.3,234.73,225.66,226.93,1368599.465
13-12-2024,226.93,228.47,220.59,224.79,1018648.7
14-12-2024,224.79,227.49,215.18,219.95,680541.021
15-12-2024,219.95,225.51,215.68,224.26,768094.819
16-12-2024,224.26,227.5,213.22,216.21,1385090.729
17-12-2024,216.21,229.3,211.39,223.2,1643516.116
18-12-2024,223.2,226.05,204.67,206.54,2119574.899
19-12-2024,206.54,212.17,186.98,193.78,2863146.052
20-12-2024,193.78,199.73,175.21,194.44,3266515.869
21-12-2024,194.44,202,178.44,181.44,1493462.428
22-12-2024,181.44,187.87,176.9,180.52,1103534.028
23-12-2024,180.52,193.5,176.44,190.13,1442825.138
24-12-2024,190.13,199.07,186.17,197.09,813519.408
25-12-2024,197.09,201.86,195.05,197.47,715670.722
26-12-2024,197.47,199.73,186.62,188.44,885315.195
27-12-2024,188.44,194.42,182.73,184.19,916589.822
28-12-2024,184.19,196.09,183.82,195.52,578696.127
29-12-2024,195.52,197.71,188.54,189.97,743371.879
30-12-2024,189.97,196.46,185.81,191.38,1026131.058
31-12-2024,191.38,199.28,188.03,189.32,951889.362
01-01-2025,189.32,195.32,187.98,194.3,622156.953
02-01-2025,194.3,210.53,193.43,208.37,1372472.107
03-01-2025,208.37,219.79,205.66,218.01,1161614.242
04-01-2025,218.01,218.11,213.52,216.64,739801.457
05-01-2025,216.64,219,211.47,213.43,571488.751
06-01-2025,213.43,223.22,211.55,218.24,952867.618
07-01-2025,218.24,219.15,201.76,202.16,1672596.394
08-01-2025,202.16,203.3,188.29,197.47,1832560.419
09-01-2025,197.47,199.06,181.95,184.97,1324644.088
10-01-2025,184.97,193.03,183.47,187.71,1127181.599
